name,type,value,date
100,高考作弊记,1440070,2019/1/1
100,高考作弊记,1440070,2019/1/2
100,高考作弊记,1440070,2019/1/3
100,高考作弊记,1440070,2019/1/4
100,高考作弊记,1440070,2019/1/5
100,高考作弊记,1440070,2019/1/6
99,每天一遍，北大相见,984960,2019/1/2
99,每天一遍，北大相见,984960,2019/1/3
99,每天一遍，北大相见,984960,2019/1/4
99,每天一遍，北大相见,984960,2019/1/5
99,每天一遍，北大相见,984960,2019/1/6
99,每天一遍，北大相见,984960,2019/1/7
98,妈妈问我为什么要跪着看手机！,520270,2019/1/3
98,妈妈问我为什么要跪着看手机！,520270,2019/1/4
98,妈妈问我为什么要跪着看手机！,520270,2019/1/5
98,妈妈问我为什么要跪着看手机！,520270,2019/1/6
98,妈妈问我为什么要跪着看手机！,520270,2019/1/7
98,妈妈问我为什么要跪着看手机！,520270,2019/1/8
97,【木鱼微剧场】真实事件改编的国产悬疑犯罪佳作，很多人都没真正看懂，你看懂了吗？《追凶者也》,5413210,2019/1/4
97,【木鱼微剧场】真实事件改编的国产悬疑犯罪佳作，很多人都没真正看懂，你看懂了吗？《追凶者也》,5413210,2019/1/5
97,【木鱼微剧场】真实事件改编的国产悬疑犯罪佳作，很多人都没真正看懂，你看懂了吗？《追凶者也》,5413210,2019/1/6
97,【木鱼微剧场】真实事件改编的国产悬疑犯罪佳作，很多人都没真正看懂，你看懂了吗？《追凶者也》,5413210,2019/1/7
97,【木鱼微剧场】真实事件改编的国产悬疑犯罪佳作，很多人都没真正看懂，你看懂了吗？《追凶者也》,5413210,2019/1/8
97,【木鱼微剧场】真实事件改编的国产悬疑犯罪佳作，很多人都没真正看懂，你看懂了吗？《追凶者也》,5413210,2019/1/9
96,一句话惹毛一种职业。,2744750,2019/1/5
96,一句话惹毛一种职业。,2744750,2019/1/6
96,一句话惹毛一种职业。,2744750,2019/1/7
96,一句话惹毛一种职业。,2744750,2019/1/8
96,一句话惹毛一种职业。,2744750,2019/1/9
96,一句话惹毛一种职业。,2744750,2019/1/10
95,【花园粑粑】你瞅啥？来互相伤害啊！,108019000,2019/1/6
95,【花园粑粑】你瞅啥？来互相伤害啊！,108019000,2019/1/7
95,【花园粑粑】你瞅啥？来互相伤害啊！,108019000,2019/1/8
95,【花园粑粑】你瞅啥？来互相伤害啊！,108019000,2019/1/9
95,【花园粑粑】你瞅啥？来互相伤害啊！,108019000,2019/1/10
95,【花园粑粑】你瞅啥？来互相伤害啊！,108019000,2019/1/11
94,【新海诚式想见你】未来过去，我只想见你,6806990,2019/1/7
94,【新海诚式想见你】未来过去，我只想见你,6806990,2019/1/8
94,【新海诚式想见你】未来过去，我只想见你,6806990,2019/1/9
94,【新海诚式想见你】未来过去，我只想见你,6806990,2019/1/10
94,【新海诚式想见你】未来过去，我只想见你,6806990,2019/1/11
94,【新海诚式想见你】未来过去，我只想见你,6806990,2019/1/12
93,前 方 高 甜 ！魔 法 狗 粮 ！,1410520,2019/1/8
93,前 方 高 甜 ！魔 法 狗 粮 ！,1410520,2019/1/9
93,前 方 高 甜 ！魔 法 狗 粮 ！,1410520,2019/1/10
93,前 方 高 甜 ！魔 法 狗 粮 ！,1410520,2019/1/11
93,前 方 高 甜 ！魔 法 狗 粮 ！,1410520,2019/1/12
93,前 方 高 甜 ！魔 法 狗 粮 ！,1410520,2019/1/13
92,11周年彩排，周深怒摔手卡,234612000,2019/1/9
92,11周年彩排，周深怒摔手卡,234612000,2019/1/10
92,11周年彩排，周深怒摔手卡,234612000,2019/1/11
92,11周年彩排，周深怒摔手卡,234612000,2019/1/12
92,11周年彩排，周深怒摔手卡,234612000,2019/1/13
92,11周年彩排，周深怒摔手卡,234612000,2019/1/14
91,【挑战100层】耗时3天挑战100层椰汁马蹄千层糕，重达28斤！一刀切100层超解压！,4041350,2019/1/10
91,【挑战100层】耗时3天挑战100层椰汁马蹄千层糕，重达28斤！一刀切100层超解压！,4041350,2019/1/11
91,【挑战100层】耗时3天挑战100层椰汁马蹄千层糕，重达28斤！一刀切100层超解压！,4041350,2019/1/12
91,【挑战100层】耗时3天挑战100层椰汁马蹄千层糕，重达28斤！一刀切100层超解压！,4041350,2019/1/13
91,【挑战100层】耗时3天挑战100层椰汁马蹄千层糕，重达28斤！一刀切100层超解压！,4041350,2019/1/14
91,【挑战100层】耗时3天挑战100层椰汁马蹄千层糕，重达28斤！一刀切100层超解压！,4041350,2019/1/15
90,【老E】这是什么3A级阴间剧情？,3325510,2019/1/11
90,【老E】这是什么3A级阴间剧情？,3325510,2019/1/12
90,【老E】这是什么3A级阴间剧情？,3325510,2019/1/13
90,【老E】这是什么3A级阴间剧情？,3325510,2019/1/14
90,【老E】这是什么3A级阴间剧情？,3325510,2019/1/15
90,【老E】这是什么3A级阴间剧情？,3325510,2019/1/16
89,徐大虾线上自证！,263715000,2019/1/12
89,徐大虾线上自证！,263715000,2019/1/13
89,徐大虾线上自证！,263715000,2019/1/14
89,徐大虾线上自证！,263715000,2019/1/15
89,徐大虾线上自证！,263715000,2019/1/16
89,徐大虾线上自证！,263715000,2019/1/17
88,刷个题试试 我能考上大学吗？,266720000,2019/1/13
88,刷个题试试 我能考上大学吗？,266720000,2019/1/14
88,刷个题试试 我能考上大学吗？,266720000,2019/1/15
88,刷个题试试 我能考上大学吗？,266720000,2019/1/16
88,刷个题试试 我能考上大学吗？,266720000,2019/1/17
88,刷个题试试 我能考上大学吗？,266720000,2019/1/18
87,我国五大战区如何划分？哪个战区实力最强？西部战区距离印度最近,2470690,2019/1/14
87,我国五大战区如何划分？哪个战区实力最强？西部战区距离印度最近,2470690,2019/1/15
87,我国五大战区如何划分？哪个战区实力最强？西部战区距离印度最近,2470690,2019/1/16
87,我国五大战区如何划分？哪个战区实力最强？西部战区距离印度最近,2470690,2019/1/17
87,我国五大战区如何划分？哪个战区实力最强？西部战区距离印度最近,2470690,2019/1/18
87,我国五大战区如何划分？哪个战区实力最强？西部战区距离印度最近,2470690,2019/1/19
86,陈赫火锅店的火锅底料好吃吗？帅小伙一次性全买来尝试一遍,9734830,2019/1/15
86,陈赫火锅店的火锅底料好吃吗？帅小伙一次性全买来尝试一遍,9734830,2019/1/16
86,陈赫火锅店的火锅底料好吃吗？帅小伙一次性全买来尝试一遍,9734830,2019/1/17
86,陈赫火锅店的火锅底料好吃吗？帅小伙一次性全买来尝试一遍,9734830,2019/1/18
86,陈赫火锅店的火锅底料好吃吗？帅小伙一次性全买来尝试一遍,9734830,2019/1/19
86,陈赫火锅店的火锅底料好吃吗？帅小伙一次性全买来尝试一遍,9734830,2019/1/20
85,忙碌了2个小时陈师傅决定原地去世,257050,2019/1/16
85,忙碌了2个小时陈师傅决定原地去世,257050,2019/1/17
85,忙碌了2个小时陈师傅决定原地去世,257050,2019/1/18
85,忙碌了2个小时陈师傅决定原地去世,257050,2019/1/19
85,忙碌了2个小时陈师傅决定原地去世,257050,2019/1/20
85,忙碌了2个小时陈师傅决定原地去世,257050,2019/1/21
84,祖 安 大 妈,1467310,2019/1/17
84,祖 安 大 妈,1467310,2019/1/18
84,祖 安 大 妈,1467310,2019/1/19
84,祖 安 大 妈,1467310,2019/1/20
84,祖 安 大 妈,1467310,2019/1/21
84,祖 安 大 妈,1467310,2019/1/22
83,多条军犬被蚊虫叮咬牺牲 ！每立方米蚊虫多达5000多只的边防连,7125710,2019/1/18
83,多条军犬被蚊虫叮咬牺牲 ！每立方米蚊虫多达5000多只的边防连,7125710,2019/1/19
83,多条军犬被蚊虫叮咬牺牲 ！每立方米蚊虫多达5000多只的边防连,7125710,2019/1/20
83,多条军犬被蚊虫叮咬牺牲 ！每立方米蚊虫多达5000多只的边防连,7125710,2019/1/21
83,多条军犬被蚊虫叮咬牺牲 ！每立方米蚊虫多达5000多只的边防连,7125710,2019/1/22
83,多条军犬被蚊虫叮咬牺牲 ！每立方米蚊虫多达5000多只的边防连,7125710,2019/1/23
82,自制路由器小跟班,4686940,2019/1/19
82,自制路由器小跟班,4686940,2019/1/20
82,自制路由器小跟班,4686940,2019/1/21
82,自制路由器小跟班,4686940,2019/1/22
82,自制路由器小跟班,4686940,2019/1/23
82,自制路由器小跟班,4686940,2019/1/24
81,伪造一场文艺复兴，梦回90年代,676900,2019/1/20
81,伪造一场文艺复兴，梦回90年代,676900,2019/1/21
81,伪造一场文艺复兴，梦回90年代,676900,2019/1/22
81,伪造一场文艺复兴，梦回90年代,676900,2019/1/23
81,伪造一场文艺复兴，梦回90年代,676900,2019/1/24
81,伪造一场文艺复兴，梦回90年代,676900,2019/1/25
80,【进击的巨人】最强沙画OP！耗时100h！钢铁沙画师控沙术唤醒全体尤弥尔子民记忆！,1643240,2019/1/21
80,【进击的巨人】最强沙画OP！耗时100h！钢铁沙画师控沙术唤醒全体尤弥尔子民记忆！,1643240,2019/1/22
80,【进击的巨人】最强沙画OP！耗时100h！钢铁沙画师控沙术唤醒全体尤弥尔子民记忆！,1643240,2019/1/23
80,【进击的巨人】最强沙画OP！耗时100h！钢铁沙画师控沙术唤醒全体尤弥尔子民记忆！,1643240,2019/1/24
80,【进击的巨人】最强沙画OP！耗时100h！钢铁沙画师控沙术唤醒全体尤弥尔子民记忆！,1643240,2019/1/25
80,【进击的巨人】最强沙画OP！耗时100h！钢铁沙画师控沙术唤醒全体尤弥尔子民记忆！,1643240,2019/1/26
79,【黄龄】#乘风破浪的姐姐# 主题曲《无价之姐》浴室版来啦！,6885580,2019/1/22
79,【黄龄】#乘风破浪的姐姐# 主题曲《无价之姐》浴室版来啦！,6885580,2019/1/23
79,【黄龄】#乘风破浪的姐姐# 主题曲《无价之姐》浴室版来啦！,6885580,2019/1/24
79,【黄龄】#乘风破浪的姐姐# 主题曲《无价之姐》浴室版来啦！,6885580,2019/1/25
79,【黄龄】#乘风破浪的姐姐# 主题曲《无价之姐》浴室版来啦！,6885580,2019/1/26
79,【黄龄】#乘风破浪的姐姐# 主题曲《无价之姐》浴室版来啦！,6885580,2019/1/27
78,【剧本杀】百万UP主们勾心斗角（上）,214820000,2019/1/23
78,【剧本杀】百万UP主们勾心斗角（上）,214820000,2019/1/24
78,【剧本杀】百万UP主们勾心斗角（上）,214820000,2019/1/25
78,【剧本杀】百万UP主们勾心斗角（上）,214820000,2019/1/26
78,【剧本杀】百万UP主们勾心斗角（上）,214820000,2019/1/27
78,【剧本杀】百万UP主们勾心斗角（上）,214820000,2019/1/28
77,【Minecraft】前方高能！！这期视频将会非常爆肝！上热门必须吃ICE！,913080,2019/1/24
77,【Minecraft】前方高能！！这期视频将会非常爆肝！上热门必须吃ICE！,913080,2019/1/25
77,【Minecraft】前方高能！！这期视频将会非常爆肝！上热门必须吃ICE！,913080,2019/1/26
77,【Minecraft】前方高能！！这期视频将会非常爆肝！上热门必须吃ICE！,913080,2019/1/27
77,【Minecraft】前方高能！！这期视频将会非常爆肝！上热门必须吃ICE！,913080,2019/1/28
77,【Minecraft】前方高能！！这期视频将会非常爆肝！上热门必须吃ICE！,913080,2019/1/29
76,【UZI】我的往事：爹的摩托车竟追不上我的拖把？,4576060,2019/1/25
76,【UZI】我的往事：爹的摩托车竟追不上我的拖把？,4576060,2019/1/26
76,【UZI】我的往事：爹的摩托车竟追不上我的拖把？,4576060,2019/1/27
76,【UZI】我的往事：爹的摩托车竟追不上我的拖把？,4576060,2019/1/28
76,【UZI】我的往事：爹的摩托车竟追不上我的拖把？,4576060,2019/1/29
76,【UZI】我的往事：爹的摩托车竟追不上我的拖把？,4576060,2019/1/30
75,从抵制中国制造到中国手机在印度脱销——印度封国的第九十一天,8935010,2019/1/26
75,从抵制中国制造到中国手机在印度脱销——印度封国的第九十一天,8935010,2019/1/27
75,从抵制中国制造到中国手机在印度脱销——印度封国的第九十一天,8935010,2019/1/28
75,从抵制中国制造到中国手机在印度脱销——印度封国的第九十一天,8935010,2019/1/29
75,从抵制中国制造到中国手机在印度脱销——印度封国的第九十一天,8935010,2019/1/30
75,从抵制中国制造到中国手机在印度脱销——印度封国的第九十一天,8935010,2019/1/31
74,【中国网游史】腾讯都救不活的《新流星》，到底遭遇了什么？,2508290,2019/1/27
74,【中国网游史】腾讯都救不活的《新流星》，到底遭遇了什么？,2508290,2019/1/28
74,【中国网游史】腾讯都救不活的《新流星》，到底遭遇了什么？,2508290,2019/1/29
74,【中国网游史】腾讯都救不活的《新流星》，到底遭遇了什么？,2508290,2019/1/30
74,【中国网游史】腾讯都救不活的《新流星》，到底遭遇了什么？,2508290,2019/1/31
74,【中国网游史】腾讯都救不活的《新流星》，到底遭遇了什么？,2508290,2019/1/32
73,Hi，我是THE9成员赵小棠，一个很爱B站的小UP主！,7561690,2019/1/28
73,Hi，我是THE9成员赵小棠，一个很爱B站的小UP主！,7561690,2019/1/29
73,Hi，我是THE9成员赵小棠，一个很爱B站的小UP主！,7561690,2019/1/30
73,Hi，我是THE9成员赵小棠，一个很爱B站的小UP主！,7561690,2019/1/31
73,Hi，我是THE9成员赵小棠，一个很爱B站的小UP主！,7561690,2019/1/32
73,Hi，我是THE9成员赵小棠，一个很爱B站的小UP主！,7561690,2019/1/33
72,【敖厂长】打枪游戏竟被我玩成了猛男乱斗！？,4247860,2019/1/29
72,【敖厂长】打枪游戏竟被我玩成了猛男乱斗！？,4247860,2019/1/30
72,【敖厂长】打枪游戏竟被我玩成了猛男乱斗！？,4247860,2019/1/31
72,【敖厂长】打枪游戏竟被我玩成了猛男乱斗！？,4247860,2019/1/32
72,【敖厂长】打枪游戏竟被我玩成了猛男乱斗！？,4247860,2019/1/33
72,【敖厂长】打枪游戏竟被我玩成了猛男乱斗！？,4247860,2019/1/34
71,看完这波，我把我家电饭煲吃了,1002970,2019/1/30
71,看完这波，我把我家电饭煲吃了,1002970,2019/1/31
71,看完这波，我把我家电饭煲吃了,1002970,2019/1/32
71,看完这波，我把我家电饭煲吃了,1002970,2019/1/33
71,看完这波，我把我家电饭煲吃了,1002970,2019/1/34
71,看完这波，我把我家电饭煲吃了,1002970,2019/1/35
70,当有陌生人敲门！打开这个视频！快！,265450,2019/1/31
70,当有陌生人敲门！打开这个视频！快！,265450,2019/1/32
70,当有陌生人敲门！打开这个视频！快！,265450,2019/1/33
70,当有陌生人敲门！打开这个视频！快！,265450,2019/1/34
70,当有陌生人敲门！打开这个视频！快！,265450,2019/1/35
70,当有陌生人敲门！打开这个视频！快！,265450,2019/1/36
69,3116买一整条59斤的黄鳍金枪鱼，切开的那一刻，没想到又翻车了,4506370,2019/1/32
69,3116买一整条59斤的黄鳍金枪鱼，切开的那一刻，没想到又翻车了,4506370,2019/1/33
69,3116买一整条59斤的黄鳍金枪鱼，切开的那一刻，没想到又翻车了,4506370,2019/1/34
69,3116买一整条59斤的黄鳍金枪鱼，切开的那一刻，没想到又翻车了,4506370,2019/1/35
69,3116买一整条59斤的黄鳍金枪鱼，切开的那一刻，没想到又翻车了,4506370,2019/1/36
69,3116买一整条59斤的黄鳍金枪鱼，切开的那一刻，没想到又翻车了,4506370,2019/1/37
68,【毕导】防淋雨的完美姿势！下雨天究竟跑步好还是走路好？,189310000,2019/1/33
68,【毕导】防淋雨的完美姿势！下雨天究竟跑步好还是走路好？,189310000,2019/1/34
68,【毕导】防淋雨的完美姿势！下雨天究竟跑步好还是走路好？,189310000,2019/1/35
68,【毕导】防淋雨的完美姿势！下雨天究竟跑步好还是走路好？,189310000,2019/1/36
68,【毕导】防淋雨的完美姿势！下雨天究竟跑步好还是走路好？,189310000,2019/1/37
68,【毕导】防淋雨的完美姿势！下雨天究竟跑步好还是走路好？,189310000,2019/1/38
67,无  限  转  场,624870,2019/1/34
67,无  限  转  场,624870,2019/1/35
67,无  限  转  场,624870,2019/1/36
67,无  限  转  场,624870,2019/1/37
67,无  限  转  场,624870,2019/1/38
67,无  限  转  场,624870,2019/1/39
66,提高面试成功率的n个小技巧，内含简历教程和建议,454080,2019/1/35
66,提高面试成功率的n个小技巧，内含简历教程和建议,454080,2019/1/36
66,提高面试成功率的n个小技巧，内含简历教程和建议,454080,2019/1/37
66,提高面试成功率的n个小技巧，内含简历教程和建议,454080,2019/1/38
66,提高面试成功率的n个小技巧，内含简历教程和建议,454080,2019/1/39
66,提高面试成功率的n个小技巧，内含简历教程和建议,454080,2019/1/40
65,唯有打桥牌的时候，我才什么都不想,49320,2019/1/36
65,唯有打桥牌的时候，我才什么都不想,49320,2019/1/37
65,唯有打桥牌的时候，我才什么都不想,49320,2019/1/38
65,唯有打桥牌的时候，我才什么都不想,49320,2019/1/39
65,唯有打桥牌的时候，我才什么都不想,49320,2019/1/40
65,唯有打桥牌的时候，我才什么都不想,49320,2019/1/41
64,我让小仙若心动了！,336329000,2019/1/37
64,我让小仙若心动了！,336329000,2019/1/38
64,我让小仙若心动了！,336329000,2019/1/39
64,我让小仙若心动了！,336329000,2019/1/40
64,我让小仙若心动了！,336329000,2019/1/41
64,我让小仙若心动了！,336329000,2019/1/42
63,“玲珑骰子安红豆，入骨相思知不知”,535100,2019/1/38
63,“玲珑骰子安红豆，入骨相思知不知”,535100,2019/1/39
63,“玲珑骰子安红豆，入骨相思知不知”,535100,2019/1/40
63,“玲珑骰子安红豆，入骨相思知不知”,535100,2019/1/41
63,“玲珑骰子安红豆，入骨相思知不知”,535100,2019/1/42
63,“玲珑骰子安红豆，入骨相思知不知”,535100,2019/1/43
62,陪 我 玩！,1031400,2019/1/39
62,陪 我 玩！,1031400,2019/1/40
62,陪 我 玩！,1031400,2019/1/41
62,陪 我 玩！,1031400,2019/1/42
62,陪 我 玩！,1031400,2019/1/43
62,陪 我 玩！,1031400,2019/1/44
61,王老菊教你杀牛仔01&amp;02,215712000,2019/1/40
61,王老菊教你杀牛仔01&amp;02,215712000,2019/1/41
61,王老菊教你杀牛仔01&amp;02,215712000,2019/1/42
61,王老菊教你杀牛仔01&amp;02,215712000,2019/1/43
61,王老菊教你杀牛仔01&amp;02,215712000,2019/1/44
61,王老菊教你杀牛仔01&amp;02,215712000,2019/1/45
60,印度网友疑惑：为什么中国人不抵制印度商品？中国网友在线真诚解答，听完他心态崩了..,5314870,2019/1/41
60,印度网友疑惑：为什么中国人不抵制印度商品？中国网友在线真诚解答，听完他心态崩了..,5314870,2019/1/42
60,印度网友疑惑：为什么中国人不抵制印度商品？中国网友在线真诚解答，听完他心态崩了..,5314870,2019/1/43
60,印度网友疑惑：为什么中国人不抵制印度商品？中国网友在线真诚解答，听完他心态崩了..,5314870,2019/1/44
60,印度网友疑惑：为什么中国人不抵制印度商品？中国网友在线真诚解答，听完他心态崩了..,5314870,2019/1/45
60,印度网友疑惑：为什么中国人不抵制印度商品？中国网友在线真诚解答，听完他心态崩了..,5314870,2019/1/46
59,被上帝吻过的嗓子,2475370,2019/1/42
59,被上帝吻过的嗓子,2475370,2019/1/43
59,被上帝吻过的嗓子,2475370,2019/1/44
59,被上帝吻过的嗓子,2475370,2019/1/45
59,被上帝吻过的嗓子,2475370,2019/1/46
59,被上帝吻过的嗓子,2475370,2019/1/47
58,【华农兄弟】一剪没,3648400,2019/1/43
58,【华农兄弟】一剪没,3648400,2019/1/44
58,【华农兄弟】一剪没,3648400,2019/1/45
58,【华农兄弟】一剪没,3648400,2019/1/46
58,【华农兄弟】一剪没,3648400,2019/1/47
58,【华农兄弟】一剪没,3648400,2019/1/48
57,【罗翔】脑死亡患者要不要停止治疗？刑法如何界定死亡？,8399470,2019/1/44
57,【罗翔】脑死亡患者要不要停止治疗？刑法如何界定死亡？,8399470,2019/1/45
57,【罗翔】脑死亡患者要不要停止治疗？刑法如何界定死亡？,8399470,2019/1/46
57,【罗翔】脑死亡患者要不要停止治疗？刑法如何界定死亡？,8399470,2019/1/47
57,【罗翔】脑死亡患者要不要停止治疗？刑法如何界定死亡？,8399470,2019/1/48
57,【罗翔】脑死亡患者要不要停止治疗？刑法如何界定死亡？,8399470,2019/1/49
56,仅用3分钟直接封神！霸占热搜！尺度爆炸！隐秘的角落到底好在哪儿？,2726530,2019/1/45
56,仅用3分钟直接封神！霸占热搜！尺度爆炸！隐秘的角落到底好在哪儿？,2726530,2019/1/46
56,仅用3分钟直接封神！霸占热搜！尺度爆炸！隐秘的角落到底好在哪儿？,2726530,2019/1/47
56,仅用3分钟直接封神！霸占热搜！尺度爆炸！隐秘的角落到底好在哪儿？,2726530,2019/1/48
56,仅用3分钟直接封神！霸占热搜！尺度爆炸！隐秘的角落到底好在哪儿？,2726530,2019/1/49
56,仅用3分钟直接封神！霸占热搜！尺度爆炸！隐秘的角落到底好在哪儿？,2726530,2019/1/50
55,在宜家做一首BAD GUY，宜家GJ！（补投）,5213920,2019/1/46
55,在宜家做一首BAD GUY，宜家GJ！（补投）,5213920,2019/1/47
55,在宜家做一首BAD GUY，宜家GJ！（补投）,5213920,2019/1/48
55,在宜家做一首BAD GUY，宜家GJ！（补投）,5213920,2019/1/49
55,在宜家做一首BAD GUY，宜家GJ！（补投）,5213920,2019/1/50
55,在宜家做一首BAD GUY，宜家GJ！（补投）,5213920,2019/1/51
54,都怪这锅鸡！十几个小姐姐从面前走过，我竟没抬头？,8704390,2019/1/47
54,都怪这锅鸡！十几个小姐姐从面前走过，我竟没抬头？,8704390,2019/1/48
54,都怪这锅鸡！十几个小姐姐从面前走过，我竟没抬头？,8704390,2019/1/49
54,都怪这锅鸡！十几个小姐姐从面前走过，我竟没抬头？,8704390,2019/1/50
54,都怪这锅鸡！十几个小姐姐从面前走过，我竟没抬头？,8704390,2019/1/51
54,都怪这锅鸡！十几个小姐姐从面前走过，我竟没抬头？,8704390,2019/1/52
53,【半佛】苹果是如何成为用户大爹的？,353411000,2019/1/48
53,【半佛】苹果是如何成为用户大爹的？,353411000,2019/1/49
53,【半佛】苹果是如何成为用户大爹的？,353411000,2019/1/50
53,【半佛】苹果是如何成为用户大爹的？,353411000,2019/1/51
53,【半佛】苹果是如何成为用户大爹的？,353411000,2019/1/52
53,【半佛】苹果是如何成为用户大爹的？,353411000,2019/1/53
52,【LPL春季赛TOP0合集】：一盘老菜！,5816830,2019/1/49
52,【LPL春季赛TOP0合集】：一盘老菜！,5816830,2019/1/50
52,【LPL春季赛TOP0合集】：一盘老菜！,5816830,2019/1/51
52,【LPL春季赛TOP0合集】：一盘老菜！,5816830,2019/1/52
52,【LPL春季赛TOP0合集】：一盘老菜！,5816830,2019/1/53
52,【LPL春季赛TOP0合集】：一盘老菜！,5816830,2019/1/54
51,4大勺糯米2大块肉，连吃几个都嫌不够,4573610,2019/1/50
51,4大勺糯米2大块肉，连吃几个都嫌不够,4573610,2019/1/51
51,4大勺糯米2大块肉，连吃几个都嫌不够,4573610,2019/1/52
51,4大勺糯米2大块肉，连吃几个都嫌不够,4573610,2019/1/53
51,4大勺糯米2大块肉，连吃几个都嫌不够,4573610,2019/1/54
51,4大勺糯米2大块肉，连吃几个都嫌不够,4573610,2019/1/55
50,没 有 人 比 我 更 懂 明 日 方 舟,1038520,2019/1/51
50,没 有 人 比 我 更 懂 明 日 方 舟,1038520,2019/1/52
50,没 有 人 比 我 更 懂 明 日 方 舟,1038520,2019/1/53
50,没 有 人 比 我 更 懂 明 日 方 舟,1038520,2019/1/54
50,没 有 人 比 我 更 懂 明 日 方 舟,1038520,2019/1/55
50,没 有 人 比 我 更 懂 明 日 方 舟,1038520,2019/1/56
49,《樱  桃  老  丸  子》,836140,2019/1/52
49,《樱  桃  老  丸  子》,836140,2019/1/53
49,《樱  桃  老  丸  子》,836140,2019/1/54
49,《樱  桃  老  丸  子》,836140,2019/1/55
49,《樱  桃  老  丸  子》,836140,2019/1/56
49,《樱  桃  老  丸  子》,836140,2019/1/57
48,特朗普首次回应B站恶搞视频,3651950,2019/1/53
48,特朗普首次回应B站恶搞视频,3651950,2019/1/54
48,特朗普首次回应B站恶搞视频,3651950,2019/1/55
48,特朗普首次回应B站恶搞视频,3651950,2019/1/56
48,特朗普首次回应B站恶搞视频,3651950,2019/1/57
48,特朗普首次回应B站恶搞视频,3651950,2019/1/58
47,丈夫因怀疑妻子劈腿，竟和她同归于尽？这部日本人性动画实在是太直击灵魂了！,3414160,2019/1/54
47,丈夫因怀疑妻子劈腿，竟和她同归于尽？这部日本人性动画实在是太直击灵魂了！,3414160,2019/1/55
47,丈夫因怀疑妻子劈腿，竟和她同归于尽？这部日本人性动画实在是太直击灵魂了！,3414160,2019/1/56
47,丈夫因怀疑妻子劈腿，竟和她同归于尽？这部日本人性动画实在是太直击灵魂了！,3414160,2019/1/57
47,丈夫因怀疑妻子劈腿，竟和她同归于尽？这部日本人性动画实在是太直击灵魂了！,3414160,2019/1/58
47,丈夫因怀疑妻子劈腿，竟和她同归于尽？这部日本人性动画实在是太直击灵魂了！,3414160,2019/1/59
46,工资回收计划,228318000,2019/1/55
46,工资回收计划,228318000,2019/1/56
46,工资回收计划,228318000,2019/1/57
46,工资回收计划,228318000,2019/1/58
46,工资回收计划,228318000,2019/1/59
46,工资回收计划,228318000,2019/1/60
45,妻子车祸当场丧生，丈夫不愿独活走入燃烧的车里殉情,4940460,2019/1/56
45,妻子车祸当场丧生，丈夫不愿独活走入燃烧的车里殉情,4940460,2019/1/57
45,妻子车祸当场丧生，丈夫不愿独活走入燃烧的车里殉情,4940460,2019/1/58
45,妻子车祸当场丧生，丈夫不愿独活走入燃烧的车里殉情,4940460,2019/1/59
45,妻子车祸当场丧生，丈夫不愿独活走入燃烧的车里殉情,4940460,2019/1/60
45,妻子车祸当场丧生，丈夫不愿独活走入燃烧的车里殉情,4940460,2019/1/61
44,猛男高跟鞋带你跳【乘风破浪的姐姐】主题曲 李宇春《无价之姐》完整版舞蹈练习室,3046250,2019/1/57
44,猛男高跟鞋带你跳【乘风破浪的姐姐】主题曲 李宇春《无价之姐》完整版舞蹈练习室,3046250,2019/1/58
44,猛男高跟鞋带你跳【乘风破浪的姐姐】主题曲 李宇春《无价之姐》完整版舞蹈练习室,3046250,2019/1/59
44,猛男高跟鞋带你跳【乘风破浪的姐姐】主题曲 李宇春《无价之姐》完整版舞蹈练习室,3046250,2019/1/60
44,猛男高跟鞋带你跳【乘风破浪的姐姐】主题曲 李宇春《无价之姐》完整版舞蹈练习室,3046250,2019/1/61
44,猛男高跟鞋带你跳【乘风破浪的姐姐】主题曲 李宇春《无价之姐》完整版舞蹈练习室,3046250,2019/1/62
43,我们的五年——B站五年员工纪念视频 2020版,8256920,2019/1/58
43,我们的五年——B站五年员工纪念视频 2020版,8256920,2019/1/59
43,我们的五年——B站五年员工纪念视频 2020版,8256920,2019/1/60
43,我们的五年——B站五年员工纪念视频 2020版,8256920,2019/1/61
43,我们的五年——B站五年员工纪念视频 2020版,8256920,2019/1/62
43,我们的五年——B站五年员工纪念视频 2020版,8256920,2019/1/63
42,如何拒绝别人,1382310,2019/1/59
42,如何拒绝别人,1382310,2019/1/60
42,如何拒绝别人,1382310,2019/1/61
42,如何拒绝别人,1382310,2019/1/62
42,如何拒绝别人,1382310,2019/1/63
42,如何拒绝别人,1382310,2019/1/64
41,【鹿鸣x鹿鸣】这个端午，双倍丝滑！双倍快乐,546600,2019/1/60
41,【鹿鸣x鹿鸣】这个端午，双倍丝滑！双倍快乐,546600,2019/1/61
41,【鹿鸣x鹿鸣】这个端午，双倍丝滑！双倍快乐,546600,2019/1/62
41,【鹿鸣x鹿鸣】这个端午，双倍丝滑！双倍快乐,546600,2019/1/63
41,【鹿鸣x鹿鸣】这个端午，双倍丝滑！双倍快乐,546600,2019/1/64
41,【鹿鸣x鹿鸣】这个端午，双倍丝滑！双倍快乐,546600,2019/1/65
40,劈腿撕逼抢男人！全程高能！ 三角恋名场景TOP10！,8292800,2019/1/61
40,劈腿撕逼抢男人！全程高能！ 三角恋名场景TOP10！,8292800,2019/1/62
40,劈腿撕逼抢男人！全程高能！ 三角恋名场景TOP10！,8292800,2019/1/63
40,劈腿撕逼抢男人！全程高能！ 三角恋名场景TOP10！,8292800,2019/1/64
40,劈腿撕逼抢男人！全程高能！ 三角恋名场景TOP10！,8292800,2019/1/65
40,劈腿撕逼抢男人！全程高能！ 三角恋名场景TOP10！,8292800,2019/1/66
39,三分钟教你偷走台军战机，开回大陆领50万奖金！,3245990,2019/1/62
39,三分钟教你偷走台军战机，开回大陆领50万奖金！,3245990,2019/1/63
39,三分钟教你偷走台军战机，开回大陆领50万奖金！,3245990,2019/1/64
39,三分钟教你偷走台军战机，开回大陆领50万奖金！,3245990,2019/1/65
39,三分钟教你偷走台军战机，开回大陆领50万奖金！,3245990,2019/1/66
39,三分钟教你偷走台军战机，开回大陆领50万奖金！,3245990,2019/1/67
38,50元和2000元的猫有啥区别？2000的逐渐同化！,3821200,2019/1/63
38,50元和2000元的猫有啥区别？2000的逐渐同化！,3821200,2019/1/64
38,50元和2000元的猫有啥区别？2000的逐渐同化！,3821200,2019/1/65
38,50元和2000元的猫有啥区别？2000的逐渐同化！,3821200,2019/1/66
38,50元和2000元的猫有啥区别？2000的逐渐同化！,3821200,2019/1/67
38,50元和2000元的猫有啥区别？2000的逐渐同化！,3821200,2019/1/68
37,欢迎报考浙江大学！！！,5926710,2019/1/64
37,欢迎报考浙江大学！！！,5926710,2019/1/65
37,欢迎报考浙江大学！！！,5926710,2019/1/66
37,欢迎报考浙江大学！！！,5926710,2019/1/67
37,欢迎报考浙江大学！！！,5926710,2019/1/68
37,欢迎报考浙江大学！！！,5926710,2019/1/69
36,能看到第15秒吗？,2705830,2019/1/65
36,能看到第15秒吗？,2705830,2019/1/66
36,能看到第15秒吗？,2705830,2019/1/67
36,能看到第15秒吗？,2705830,2019/1/68
36,能看到第15秒吗？,2705830,2019/1/69
36,能看到第15秒吗？,2705830,2019/1/70
35,满分UP主倾囊教你写高分作文！最强攻略！【满分作文攻略01】,3717230,2019/1/66
35,满分UP主倾囊教你写高分作文！最强攻略！【满分作文攻略01】,3717230,2019/1/67
35,满分UP主倾囊教你写高分作文！最强攻略！【满分作文攻略01】,3717230,2019/1/68
35,满分UP主倾囊教你写高分作文！最强攻略！【满分作文攻略01】,3717230,2019/1/69
35,满分UP主倾囊教你写高分作文！最强攻略！【满分作文攻略01】,3717230,2019/1/70
35,满分UP主倾囊教你写高分作文！最强攻略！【满分作文攻略01】,3717230,2019/1/71
34,暴 躁 老 哥,7272800,2019/1/67
34,暴 躁 老 哥,7272800,2019/1/68
34,暴 躁 老 哥,7272800,2019/1/69
34,暴 躁 老 哥,7272800,2019/1/70
34,暴 躁 老 哥,7272800,2019/1/71
34,暴 躁 老 哥,7272800,2019/1/72
33,荒野乱斗x名场面,6838210,2019/1/68
33,荒野乱斗x名场面,6838210,2019/1/69
33,荒野乱斗x名场面,6838210,2019/1/70
33,荒野乱斗x名场面,6838210,2019/1/71
33,荒野乱斗x名场面,6838210,2019/1/72
33,荒野乱斗x名场面,6838210,2019/1/73
32,《瘾》原创说唱×国家禁毒日宣传曲,704260,2019/1/69
32,《瘾》原创说唱×国家禁毒日宣传曲,704260,2019/1/70
32,《瘾》原创说唱×国家禁毒日宣传曲,704260,2019/1/71
32,《瘾》原创说唱×国家禁毒日宣传曲,704260,2019/1/72
32,《瘾》原创说唱×国家禁毒日宣传曲,704260,2019/1/73
32,《瘾》原创说唱×国家禁毒日宣传曲,704260,2019/1/74
31,与火星的孩子对话（现场版） - 华晨宇,91873000,2019/1/70
31,与火星的孩子对话（现场版） - 华晨宇,91873000,2019/1/71
31,与火星的孩子对话（现场版） - 华晨宇,91873000,2019/1/72
31,与火星的孩子对话（现场版） - 华晨宇,91873000,2019/1/73
31,与火星的孩子对话（现场版） - 华晨宇,91873000,2019/1/74
31,与火星的孩子对话（现场版） - 华晨宇,91873000,2019/1/75
30,【阿宅专用】是阿宅就来听听这个！,2497270,2019/1/71
30,【阿宅专用】是阿宅就来听听这个！,2497270,2019/1/72
30,【阿宅专用】是阿宅就来听听这个！,2497270,2019/1/73
30,【阿宅专用】是阿宅就来听听这个！,2497270,2019/1/74
30,【阿宅专用】是阿宅就来听听这个！,2497270,2019/1/75
30,【阿宅专用】是阿宅就来听听这个！,2497270,2019/1/76
29,最 强 法 海,3629540,2019/1/72
29,最 强 法 海,3629540,2019/1/73
29,最 强 法 海,3629540,2019/1/74
29,最 强 法 海,3629540,2019/1/75
29,最 强 法 海,3629540,2019/1/76
29,最 强 法 海,3629540,2019/1/77
28,当  代  网  络  现  状,1819220,2019/1/73
28,当  代  网  络  现  状,1819220,2019/1/74
28,当  代  网  络  现  状,1819220,2019/1/75
28,当  代  网  络  现  状,1819220,2019/1/76
28,当  代  网  络  现  状,1819220,2019/1/77
28,当  代  网  络  现  状,1819220,2019/1/78
27,【片片】开播炸裂！小孩子玩弄变态杀人犯，国产悬疑终于能打了！过瘾解说《隐秘的角落》1-6,536114000,2019/1/74
27,【片片】开播炸裂！小孩子玩弄变态杀人犯，国产悬疑终于能打了！过瘾解说《隐秘的角落》1-6,536114000,2019/1/75
27,【片片】开播炸裂！小孩子玩弄变态杀人犯，国产悬疑终于能打了！过瘾解说《隐秘的角落》1-6,536114000,2019/1/76
27,【片片】开播炸裂！小孩子玩弄变态杀人犯，国产悬疑终于能打了！过瘾解说《隐秘的角落》1-6,536114000,2019/1/77
27,【片片】开播炸裂！小孩子玩弄变态杀人犯，国产悬疑终于能打了！过瘾解说《隐秘的角落》1-6,536114000,2019/1/78
27,【片片】开播炸裂！小孩子玩弄变态杀人犯，国产悬疑终于能打了！过瘾解说《隐秘的角落》1-6,536114000,2019/1/79
26,吃了两星期豆腐，废了几十斤豆子，豆腐脑终于可以出摊了~【街头美食在家做】,255013000,2019/1/75
26,吃了两星期豆腐，废了几十斤豆子，豆腐脑终于可以出摊了~【街头美食在家做】,255013000,2019/1/76
26,吃了两星期豆腐，废了几十斤豆子，豆腐脑终于可以出摊了~【街头美食在家做】,255013000,2019/1/77
26,吃了两星期豆腐，废了几十斤豆子，豆腐脑终于可以出摊了~【街头美食在家做】,255013000,2019/1/78
26,吃了两星期豆腐，废了几十斤豆子，豆腐脑终于可以出摊了~【街头美食在家做】,255013000,2019/1/79
26,吃了两星期豆腐，废了几十斤豆子，豆腐脑终于可以出摊了~【街头美食在家做】,255013000,2019/1/80
25,【童年经典/反派手书】你管这叫童年阴影？！,2665040,2019/1/76
25,【童年经典/反派手书】你管这叫童年阴影？！,2665040,2019/1/77
25,【童年经典/反派手书】你管这叫童年阴影？！,2665040,2019/1/78
25,【童年经典/反派手书】你管这叫童年阴影？！,2665040,2019/1/79
25,【童年经典/反派手书】你管这叫童年阴影？！,2665040,2019/1/80
25,【童年经典/反派手书】你管这叫童年阴影？！,2665040,2019/1/81
24,世界上BUG最多的搞笑游戏 每局1500个BUG,6301790,2019/1/77
24,世界上BUG最多的搞笑游戏 每局1500个BUG,6301790,2019/1/78
24,世界上BUG最多的搞笑游戏 每局1500个BUG,6301790,2019/1/79
24,世界上BUG最多的搞笑游戏 每局1500个BUG,6301790,2019/1/80
24,世界上BUG最多的搞笑游戏 每局1500个BUG,6301790,2019/1/81
24,世界上BUG最多的搞笑游戏 每局1500个BUG,6301790,2019/1/82
23,【戴建业】苏轼悼亡妻《江城子》，我每次读都很难受,340511000,2019/1/78
23,【戴建业】苏轼悼亡妻《江城子》，我每次读都很难受,340511000,2019/1/79
23,【戴建业】苏轼悼亡妻《江城子》，我每次读都很难受,340511000,2019/1/80
23,【戴建业】苏轼悼亡妻《江城子》，我每次读都很难受,340511000,2019/1/81
23,【戴建业】苏轼悼亡妻《江城子》，我每次读都很难受,340511000,2019/1/82
23,【戴建业】苏轼悼亡妻《江城子》，我每次读都很难受,340511000,2019/1/83
22,蜜瓜JK妆！毕业要和姐妹去迪士尼拍照呀！,8955030,2019/1/79
22,蜜瓜JK妆！毕业要和姐妹去迪士尼拍照呀！,8955030,2019/1/80
22,蜜瓜JK妆！毕业要和姐妹去迪士尼拍照呀！,8955030,2019/1/81
22,蜜瓜JK妆！毕业要和姐妹去迪士尼拍照呀！,8955030,2019/1/82
22,蜜瓜JK妆！毕业要和姐妹去迪士尼拍照呀！,8955030,2019/1/83
22,蜜瓜JK妆！毕业要和姐妹去迪士尼拍照呀！,8955030,2019/1/84
21,LOL最狠海贼拳法 你不打也得给我打的套路[有点骚东西],6096650,2019/1/80
21,LOL最狠海贼拳法 你不打也得给我打的套路[有点骚东西],6096650,2019/1/81
21,LOL最狠海贼拳法 你不打也得给我打的套路[有点骚东西],6096650,2019/1/82
21,LOL最狠海贼拳法 你不打也得给我打的套路[有点骚东西],6096650,2019/1/83
21,LOL最狠海贼拳法 你不打也得给我打的套路[有点骚东西],6096650,2019/1/84
21,LOL最狠海贼拳法 你不打也得给我打的套路[有点骚东西],6096650,2019/1/85
20,油管播放量破亿却惨被删除封号的特朗普恶搞视频,3159220,2019/1/81
20,油管播放量破亿却惨被删除封号的特朗普恶搞视频,3159220,2019/1/82
20,油管播放量破亿却惨被删除封号的特朗普恶搞视频,3159220,2019/1/83
20,油管播放量破亿却惨被删除封号的特朗普恶搞视频,3159220,2019/1/84
20,油管播放量破亿却惨被删除封号的特朗普恶搞视频,3159220,2019/1/85
20,油管播放量破亿却惨被删除封号的特朗普恶搞视频,3159220,2019/1/86
19,【艾叔】[4K]成都麓湖1.5亿豪宅，开游艇的神仙生活是什么体验,349814000,2019/1/82
19,【艾叔】[4K]成都麓湖1.5亿豪宅，开游艇的神仙生活是什么体验,349814000,2019/1/83
19,【艾叔】[4K]成都麓湖1.5亿豪宅，开游艇的神仙生活是什么体验,349814000,2019/1/84
19,【艾叔】[4K]成都麓湖1.5亿豪宅，开游艇的神仙生活是什么体验,349814000,2019/1/85
19,【艾叔】[4K]成都麓湖1.5亿豪宅，开游艇的神仙生活是什么体验,349814000,2019/1/86
19,【艾叔】[4K]成都麓湖1.5亿豪宅，开游艇的神仙生活是什么体验,349814000,2019/1/87
18,这才叫演员，那些骗钱的渣渣们还有脸演戏吗,2123640,2019/1/83
18,这才叫演员，那些骗钱的渣渣们还有脸演戏吗,2123640,2019/1/84
18,这才叫演员，那些骗钱的渣渣们还有脸演戏吗,2123640,2019/1/85
18,这才叫演员，那些骗钱的渣渣们还有脸演戏吗,2123640,2019/1/86
18,这才叫演员，那些骗钱的渣渣们还有脸演戏吗,2123640,2019/1/87
18,这才叫演员，那些骗钱的渣渣们还有脸演戏吗,2123640,2019/1/88
17,【川建国传】请叫我红星队长 3D自制短片 不是封面党,3776930,2019/1/84
17,【川建国传】请叫我红星队长 3D自制短片 不是封面党,3776930,2019/1/85
17,【川建国传】请叫我红星队长 3D自制短片 不是封面党,3776930,2019/1/86
17,【川建国传】请叫我红星队长 3D自制短片 不是封面党,3776930,2019/1/87
17,【川建国传】请叫我红星队长 3D自制短片 不是封面党,3776930,2019/1/88
17,【川建国传】请叫我红星队长 3D自制短片 不是封面党,3776930,2019/1/89
16,【杨超越爆笑rap】干啥啥不行，rap第一名！（全程高能）,4520620,2019/1/85
16,【杨超越爆笑rap】干啥啥不行，rap第一名！（全程高能）,4520620,2019/1/86
16,【杨超越爆笑rap】干啥啥不行，rap第一名！（全程高能）,4520620,2019/1/87
16,【杨超越爆笑rap】干啥啥不行，rap第一名！（全程高能）,4520620,2019/1/88
16,【杨超越爆笑rap】干啥啥不行，rap第一名！（全程高能）,4520620,2019/1/89
16,【杨超越爆笑rap】干啥啥不行，rap第一名！（全程高能）,4520620,2019/1/90
15,鬼知道我看了几遍！,2743010,2019/1/86
15,鬼知道我看了几遍！,2743010,2019/1/87
15,鬼知道我看了几遍！,2743010,2019/1/88
15,鬼知道我看了几遍！,2743010,2019/1/89
15,鬼知道我看了几遍！,2743010,2019/1/90
15,鬼知道我看了几遍！,2743010,2019/1/91
14,“王 者 荣 耀 全 英 雄 介 绍 ”（共100个）,7798870,2019/1/87
14,“王 者 荣 耀 全 英 雄 介 绍 ”（共100个）,7798870,2019/1/88
14,“王 者 荣 耀 全 英 雄 介 绍 ”（共100个）,7798870,2019/1/89
14,“王 者 荣 耀 全 英 雄 介 绍 ”（共100个）,7798870,2019/1/90
14,“王 者 荣 耀 全 英 雄 介 绍 ”（共100个）,7798870,2019/1/91
14,“王 者 荣 耀 全 英 雄 介 绍 ”（共100个）,7798870,2019/1/92
13,当西游记的BGM在中土战场响起。去他的魔戒，我要吹爆这支喇叭...,5087340,2019/1/88
13,当西游记的BGM在中土战场响起。去他的魔戒，我要吹爆这支喇叭...,5087340,2019/1/89
13,当西游记的BGM在中土战场响起。去他的魔戒，我要吹爆这支喇叭...,5087340,2019/1/90
13,当西游记的BGM在中土战场响起。去他的魔戒，我要吹爆这支喇叭...,5087340,2019/1/91
13,当西游记的BGM在中土战场响起。去他的魔戒，我要吹爆这支喇叭...,5087340,2019/1/92
13,当西游记的BGM在中土战场响起。去他的魔戒，我要吹爆这支喇叭...,5087340,2019/1/93
12,小翔哥回来了，我们重新开始,554714000,2019/1/89
12,小翔哥回来了，我们重新开始,554714000,2019/1/90
12,小翔哥回来了，我们重新开始,554714000,2019/1/91
12,小翔哥回来了，我们重新开始,554714000,2019/1/92
12,小翔哥回来了，我们重新开始,554714000,2019/1/93
12,小翔哥回来了，我们重新开始,554714000,2019/1/94
11,马化腾曾扮妹子陪聊！【阅片无数53】,654034000,2019/1/90
11,马化腾曾扮妹子陪聊！【阅片无数53】,654034000,2019/1/91
11,马化腾曾扮妹子陪聊！【阅片无数53】,654034000,2019/1/92
11,马化腾曾扮妹子陪聊！【阅片无数53】,654034000,2019/1/93
11,马化腾曾扮妹子陪聊！【阅片无数53】,654034000,2019/1/94
11,马化腾曾扮妹子陪聊！【阅片无数53】,654034000,2019/1/95
10,【以衣换衣·第二期】衣 服 换 换 换,615617000,2019/1/91
10,【以衣换衣·第二期】衣 服 换 换 换,615617000,2019/1/92
10,【以衣换衣·第二期】衣 服 换 换 换,615617000,2019/1/93
10,【以衣换衣·第二期】衣 服 换 换 换,615617000,2019/1/94
10,【以衣换衣·第二期】衣 服 换 换 换,615617000,2019/1/95
10,【以衣换衣·第二期】衣 服 换 换 换,615617000,2019/1/96
9,【醒醒】中华儿女该起床了,7293680,2019/1/92
9,【醒醒】中华儿女该起床了,7293680,2019/1/93
9,【醒醒】中华儿女该起床了,7293680,2019/1/94
9,【醒醒】中华儿女该起床了,7293680,2019/1/95
9,【醒醒】中华儿女该起床了,7293680,2019/1/96
9,【醒醒】中华儿女该起床了,7293680,2019/1/97
8,骁话一下：为什么欧洲没有互联网？,667529000,2019/1/93
8,骁话一下：为什么欧洲没有互联网？,667529000,2019/1/94
8,骁话一下：为什么欧洲没有互联网？,667529000,2019/1/95
8,骁话一下：为什么欧洲没有互联网？,667529000,2019/1/96
8,骁话一下：为什么欧洲没有互联网？,667529000,2019/1/97
8,骁话一下：为什么欧洲没有互联网？,667529000,2019/1/98
7,【浴室歌基】黄龄性转降调男声歌曲合集,226237000,2019/1/94
7,【浴室歌基】黄龄性转降调男声歌曲合集,226237000,2019/1/95
7,【浴室歌基】黄龄性转降调男声歌曲合集,226237000,2019/1/96
7,【浴室歌基】黄龄性转降调男声歌曲合集,226237000,2019/1/97
7,【浴室歌基】黄龄性转降调男声歌曲合集,226237000,2019/1/98
7,【浴室歌基】黄龄性转降调男声歌曲合集,226237000,2019/1/99
6,一个人，造出让40亿人震碎的夜晚！,437712000,2019/1/95
6,一个人，造出让40亿人震碎的夜晚！,437712000,2019/1/96
6,一个人，造出让40亿人震碎的夜晚！,437712000,2019/1/97
6,一个人，造出让40亿人震碎的夜晚！,437712000,2019/1/98
6,一个人，造出让40亿人震碎的夜晚！,437712000,2019/1/99
6,一个人，造出让40亿人震碎的夜晚！,437712000,2019/1/100
5,【李玉刚自投稿】你们要的《赤伶》剧情版MV来了！,350711000,2019/1/96
5,【李玉刚自投稿】你们要的《赤伶》剧情版MV来了！,350711000,2019/1/97
5,【李玉刚自投稿】你们要的《赤伶》剧情版MV来了！,350711000,2019/1/98
5,【李玉刚自投稿】你们要的《赤伶》剧情版MV来了！,350711000,2019/1/99
5,【李玉刚自投稿】你们要的《赤伶》剧情版MV来了！,350711000,2019/1/100
4,当 滑稽 和其他表情合体,551414000,2019/1/97
4,当 滑稽 和其他表情合体,551414000,2019/1/98
4,当 滑稽 和其他表情合体,551414000,2019/1/99
4,当 滑稽 和其他表情合体,551414000,2019/1/100
3,【才浅手工】两个月打造两把誓约胜利之剑，已用青金石附魔,378921000,2019/1/98
3,【才浅手工】两个月打造两把誓约胜利之剑，已用青金石附魔,378921000,2019/1/99
3,【才浅手工】两个月打造两把誓约胜利之剑，已用青金石附魔,378921000,2019/1/100
2,毛选朗读（1～5卷） 持续更新中…,9179160,2019/1/99
2,毛选朗读（1～5卷） 持续更新中…,9179160,2019/1/100
1,刻进DNA里的画面——前方名场景高能【BILIBILI 11周年】,1190123000,2019/1/100
